{"mean":{"confidence_interval":{"confidence_level":0.95,"lower_bound":3952480.8123541665,"upper_bound":4452308.2744166665},"point_estimate":4191645.9358333335,"standard_error":127613.86260434984},"median":{"confidence_interval":{"confidence_level":0.95,"lower_bound":3660093.75,"upper_bound":4093991.291666667},"point_estimate":3842501.708333333,"standard_error":119828.40535496647},"median_abs_dev":{"confidence_interval":{"confidence_level":0.95,"lower_bound":691457.8173741703,"upper_bound":1206344.7113581004},"point_estimate":894380.9668965633,"standard_error":124751.784954458},"slope":null,"std_dev":{"confidence_interval":{"confidence_level":0.95,"lower_bound":973559.2451227051,"upper_bound":1587585.1389752792},"point_estimate":1284070.7634429485,"standard_error":158446.94361001157}}